{"cameraMode":{"drawMode":0,"name":"Shaded","section":"Shading Mode"},"sceneLighting":false,"audioPlay":false,"sceneViewState":{"showFog":true,"showMaterialUpdate":true,"showSkybox":false,"showFlares":true,"showImageEffects":true,"showParticleSystems":true},"in2DMode":false,"pivot":{"x":-5.6778998374938969,"y":-0.4722084403038025,"z":2.8130998611450197},"rotation":{"x":-0.3333990275859833,"y":0.005102140363305807,"z":-0.0018051395891234279,"w":-0.9427778124809265},"size":0.3089934289455414,"orthographic":false}