{"cameraMode":{"drawMode":0,"name":"Shaded","section":"Shading Mode"},"sceneLighting":false,"audioPlay":false,"sceneViewState":{"showFog":true,"showMaterialUpdate":false,"showSkybox":false,"showFlares":true,"showImageEffects":true,"showParticleSystems":true},"in2DMode":false,"pivot":{"x":2.673649787902832,"y":-1.3995312452316285,"z":6.65118408203125},"rotation":{"x":-0.17238658666610719,"y":0.5105869174003601,"z":-0.10531476140022278,"w":-0.8357635736465454},"size":1.8073949813842774,"orthographic":false}