{"cameraMode":{"drawMode":0,"name":"Shaded","section":"Shading Mode"},"sceneLighting":true,"audioPlay":false,"sceneViewState":{"showFog":true,"showMaterialUpdate":true,"showSkybox":true,"showFlares":true,"showImageEffects":true,"showParticleSystems":true},"in2DMode":false,"pivot":{"x":-4.955801963806152,"y":0.40538445115089419,"z":6.763807773590088},"rotation":{"x":-0.06976514309644699,"y":-0.049945168197155,"z":0.0034967840183526279,"w":-0.9963130950927734},"size":3.3440678119659426,"orthographic":false}