{"cameraMode":{"drawMode":0,"name":"Shaded","section":"Shading Mode"},"sceneLighting":false,"audioPlay":false,"sceneViewState":{"showFog":true,"showMaterialUpdate":false,"showSkybox":false,"showFlares":true,"showImageEffects":true,"showParticleSystems":true},"in2DMode":false,"pivot":{"x":-4.594276428222656,"y":0.4505234360694885,"z":5.21544075012207},"rotation":{"x":-0.34863582253456118,"y":0.037394214421510699,"z":-0.013922272250056267,"w":-0.9364150166511536},"size":0.8660253882408142,"orthographic":false}