{"cameraMode":{"drawMode":0,"name":"Shaded","section":"Shading Mode"},"sceneLighting":false,"audioPlay":false,"sceneViewState":{"showFog":true,"showMaterialUpdate":true,"showSkybox":false,"showFlares":true,"showImageEffects":true,"showParticleSystems":true},"in2DMode":false,"pivot":{"x":-2.1414129734039308,"y":2.183425188064575,"z":5.848283290863037},"rotation":{"x":-0.3333990275859833,"y":0.005102140363305807,"z":-0.0018051395891234279,"w":-0.9427778124809265},"size":10.0,"orthographic":false}