{"cameraMode":{"drawMode":0,"name":"Shaded","section":"Shading Mode"},"sceneLighting":false,"audioPlay":false,"sceneViewState":{"showFog":true,"showMaterialUpdate":false,"showSkybox":false,"showFlares":true,"showImageEffects":true,"showParticleSystems":true},"in2DMode":false,"pivot":{"x":2.3499996662139894,"y":1.14310622215271,"z":0.09999990463256836},"rotation":{"x":-0.11018519103527069,"y":-0.0035660394933074714,"z":0.000395694631151855,"w":-0.9939082264900208},"size":9.226506233215332,"orthographic":false}